"Test	Description	Successful Tests	Errors	Mean Time	Mean Time Standard Deviation	TPS	Peak TPS	Mean Response Length	Response Bytes Per Second	Response Errors	Mean time to resolve host	Mean time to establish connection	Mean time to first byte	"
"Test 100	Page 1	402	0	41.0	17.9	1.22	100	0.00	0.00	0			0.00	"
"Test 101	POST /	402	0	39.8	17.1	1.22	100	471	577	0	0.306	11.2	38.2	"
"Test 200	Page 2	400	0	47.8	13.7	1.22	29.0	0.00	0.00	0			0.00	"
"Test 201	GET /	400	0	6.47	6.86	1.22	29.0	3660	4460	0	0.0500	0.535	6.07	"
"Test 202	GET petclinic.css	400	0	3.54	2.09	1.22	28.0	152000	186000	0			1.93	"
"Test 203	GET favicon.png	400	0	1.98	1.20	1.22	28.0	528	643	0			1.83	"
"Test 204	GET jquery-ui.min.js	400	0	5.55	3.22	1.22	28.0	240000	293000	0			2.42	"
"Test 205	GET jquery.min.js	400	0	3.47	1.85	1.22	28.0	85600	104000	0			2.38	"
"Test 206	GET pets.png	400	0	2.47	1.40	1.22	28.0	67700	82500	0			1.71	"
"Test 207	GET spring-logo-dataflow.png	400	0	1.79	1.07	1.22	29.0	6890	8390	0			1.63	"
"Test 208	GET bootstrap.min.js	400	0	2.76	2.11	1.22	29.0	36900	44900	0			2.32	"
"Test 209	GET spring-pivotal-logo.png	400	0	1.71	0.981	1.22	29.0	2820	3430	0			1.58	"
"Test 300	Page 3	400	0	2.87	2.35	1.22	29.0	0.00	0.00	0			0.00	"
"Test 301	GET glyphicons-halflings-regular.woff	400	0	2.78	2.18	1.22	29.0	23400	28500	0			2.42	"
"Test 400	Page 4	400	0	2.00	1.22	1.22	29.0	0.00	0.00	0			0.00	"
"Test 401	GET montserrat-webfont.woff	400	0	1.91	1.13	1.22	29.0	24200	29500	0			1.72	"
"Test 500	Page 5	400	0	2.00	1.19	1.22	29.0	0.00	0.00	0			0.00	"
"Test 501	GET varela_round-webfont.woff	400	0	1.86	0.931	1.22	29.0	32700	39900	0			1.65	"
"Test 600	Page 6	400	0	5.01	2.52	1.22	30.0	0.00	0.00	0			0.00	"
"Test 601	GET /	400	0	4.92	2.50	1.22	30.0	3660	4460	0			4.63	"
"Test 700	Page 7	400	0	7.87	3.90	1.22	27.0	0.00	0.00	0			0.00	"
"Test 701	GET find	400	0	7.78	3.89	1.22	27.0	4220	5140	0			7.46	"
"Test 800	Page 8	400	0	9.46	5.14	1.22	26.0	0.00	0.00	0			0.00	"
"Test 801	GET owners	400	0	9.35	5.14	1.22	26.0	4280	5220	0			9.02	"
"Test 900	Page 9	400	0	8.97	4.99	1.22	27.0	0.00	0.00	0			0.00	"
"Test 901	GET vets.html	400	0	8.77	4.92	1.22	27.0	4450	5420	0			8.41	"
"Test 1000	Page 10	400	0	8.00	4.55	1.22	30.0	0.00	0.00	0			0.00	"
"Test 1001	GET find	400	0	7.87	4.54	1.22	30.0	4220	5140	0			7.56	"
"Test 1100	Page 11	400	0	9.54	4.04	1.22	26.0	0.00	0.00	0			0.00	"
"Test 1101	GET owners	400	0	9.48	4.04	1.22	26.0	4280	5220	0			9.09	"
"Test 1200	Page 12	400	0	7.62	5.44	1.22	21.0	0.00	0.00	0			0.00	"
"Test 1201	GET new	400	0	7.46	5.38	1.22	21.0	5970	7280	0			6.93	"
"Test 1300	Page 13	388	0	8.30	3.58	1.18	20.0	0.00	0.00	0			0.00	"
"Test 1301	POST new	388	0	8.00	3.46	1.18	20.0	6170	7290	0			7.63	"
"Test 1400	Page 14	352	0	13.6	5.97	1.07	21.0	0.00	0.00	0			0.00	"
"Test 1401	POST new	352	0	4.77	3.03	1.07	21.0	0.00	0.00	0			4.49	"
"Test 1402	GET 12	352	0	8.48	3.73	1.07	21.0	4170	4470	0	0.0483	0.509	8.13	"
"Test 1500	Page 15	303	0	8.11	3.60	0.923	26.0	0.00	0.00	0			0.00	"
"Test 1501	GET edit	303	0	7.98	3.54	0.923	26.0	6000	5540	0			7.58	"
"Test 1600	Page 16	302	0	13.3	5.89	0.920	24.0	0.00	0.00	0			0.00	"
"Test 1601	POST edit	302	0	4.96	2.41	0.920	24.0	0.00	0.00	0			4.69	"
"Test 1602	GET 12	302	0	7.95	3.74	0.920	24.0	4170	3840	0	0.0199	0.520	7.57	"
